participant_id,username,first_signed_in_at
ADMIN01,Admin,
P-YWNWA,Goal,2026-06-09 18:31:56
P-TEST,Volker,2026-06-10 06:07:48
SIMO,Zidane Headbutt,2026-06-10 07:20:32
VSV,Pipistrellus,2026-06-11 07:24:58
P-0143S,PhyGoals,2026-06-10 08:19:00
P-0101T,Rio is the future,2026-06-10 21:04:46
P-0420Q,Jim Knopf,2026-06-10 21:28:31
P-0332C,YB Fan,2026-06-11 06:04:29
P-0475R,MERSmerized,2026-06-10 21:03:02
P-0222N,Optimistic Otter,2026-06-11 08:52:07
P-0191M,ball wisperer,2026-06-11 10:52:28
P-0433Q,PintOfNoReturn,2026-06-11 09:11:42
P-0532C,alesSIIU,2026-06-11 07:47:45
P-0495R,ABC,2026-06-12 08:29:48
P-0333N,Bob,2026-06-11 14:45:11
P-0292M,Gfehlhund,2026-06-11 17:51:45
P-0907P,Rhabarbara,2026-06-11 15:19:40
P-0115A,Walter Frosch,2026-06-11 16:38:25
P-0854D,ChatGPT,2026-06-11 14:20:13
P-M001B,Maybe-Vera-Flueck,2026-06-11 16:03:15
P-V100F,No MERSy,2026-06-12 09:53:44
P-X943D,FC FlipKick,2026-06-11 18:17:56
P-J910K,Kaspeshio,2026-06-11 18:33:12
P-J854T,,
P-B100M,Imani001,2026-06-11 19:33:42
P-0705A,Incognito,2026-06-12 15:15:14
